[
{
    "pk": 1,
    "model": "vms.dc",
    "fields": {
        "enc_json": "KGRwMQpTJ1JFR0lTVFJBVElPTl9FTkFCTEVEJwpwMgpJMDAKc1MnU01TX0VOQUJMRUQnCnAzCkkw\nMApzLg==\n",
        "name": "main",
        "created": "2013-10-22T16:11:38.158Z",
        "changed": "2013-10-22T16:11:38.158Z",
        "site": "main",
        "access": 1,
        "alias": "main*",
        "owner": 1,
        "desc": "Default datacenter"
    }
},
{
    "pk": 2,
    "model": "vms.dc",
    "fields": {
        "enc_json": "KGRwMQpTJ1JFR0lTVFJBVElPTl9FTkFCTEVEJwpwMgpJMDAKcy4=\n",
        "name": "admin",
        "created": "2013-10-22T16:11:38.158Z",
        "changed": "2013-10-22T16:11:38.158Z",
        "site": "mgmt01.local",
        "access": 3,
        "alias": "admin",
        "owner": 1,
        "desc": "Admin datacenter"
    }
},

{
    "pk": 1,
    "model": "vms.domaindc",
    "fields": {
        "dc": 1,
        "domain_id": 1
    }
},
{
    "pk": 2,
    "model": "vms.domaindc",
    "fields": {
        "dc": 1,
        "domain_id": 2
    }
},

{
    "pk": 3,
    "model": "vms.domaindc",
    "fields": {
        "dc": 2,
        "domain_id": 1
    }
},
{
    "pk": 4,
    "model": "vms.domaindc",
    "fields": {
        "dc": 2,
        "domain_id": 2
    }
},

{
    "pk": 1,
    "model": "vms.iso",
    "fields": {
        "name": "rescuecd.iso",
        "created": "2013-10-22T17:10:07.085Z",
        "changed": "2013-10-31T11:45:15.889Z",
        "dc": [
            1,
            2
        ],
        "access": 1,
        "alias": "rescuecd",
        "ostype": null,
        "owner": 1,
		"status": 1,
        "desc": "System Rescue CD"
    }
},

{
    "pk": "5ecbd3bc-d8af-47f1-8423-e447d33e1158",
    "model": "vms.subnet",
    "fields": {
        "resolvers": "",
        "name": "lan",
        "created": "2013-01-07T11:11:11.111Z",
        "changed": "2014-07-17T13:28:38.927Z",
        "nic_tag": "admin",
        "dc": [
            1,
            2
        ],
        "dns_domain": "",
        "access": 1,
        "alias": "lan",
        "netmask": "255.255.255.0",
        "network": "10.10.91.0",
        "owner": 1,
        "ptr_domain": "",
        "gateway": "10.10.91.1",
        "vlan_id": 0,
        "desc": "Default network"
    }
},
{
    "pk": "d42bc4c3-ba17-43ee-a02a-74e667bd41fa",
    "model": "vms.subnet",
    "fields": {
        "resolvers": "",
        "name": "admin",
        "created": "2014-07-17T13:27:26.781Z",
        "changed": "2014-07-17T13:28:29.809Z",
        "nic_tag": "admin",
        "dc": [
            1,
            2
        ],
        "dns_domain": "",
        "access": 3,
        "alias": "admin",
        "netmask": "255.255.255.0",
        "network": "10.10.90.0",
        "owner": 1,
        "ptr_domain": "",
        "gateway": "10.10.90.1",
        "vlan_id": 0,
        "desc": "Admin network"
    }
},
{
    "pk": 1,
    "model": "vms.ipaddress",
    "fields": {
        "usage": 1,
        "ip": "10.10.91.11",
        "note": "",
        "vm": null,
        "subnet": "5ecbd3bc-d8af-47f1-8423-e447d33e1158"
    }
},
{
    "pk": 2,
    "model": "vms.ipaddress",
    "fields": {
        "usage": 1,
        "ip": "10.10.91.12",
        "note": "",
        "vm": null,
        "subnet": "5ecbd3bc-d8af-47f1-8423-e447d33e1158"
    }
},
{
    "pk": 3,
    "model": "vms.ipaddress",
    "fields": {
        "usage": 1,
        "ip": "10.10.91.13",
        "note": "",
        "vm": null,
        "subnet": "5ecbd3bc-d8af-47f1-8423-e447d33e1158"
    }
},
{
    "pk": 4,
    "model": "vms.ipaddress",
    "fields": {
        "usage": 1,
        "ip": "10.10.91.14",
        "note": "",
        "vm": null,
        "subnet": "5ecbd3bc-d8af-47f1-8423-e447d33e1158"
    }
},
{
    "pk": 5,
    "model": "vms.ipaddress",
    "fields": {
        "usage": 1,
        "ip": "10.10.91.15",
        "note": "",
        "vm": null,
        "subnet": "5ecbd3bc-d8af-47f1-8423-e447d33e1158"
    }
},
{
    "pk": 6,
    "model": "vms.ipaddress",
    "fields": {
        "usage": 1,
        "ip": "10.10.91.16",
        "note": "",
        "vm": null,
        "subnet": "5ecbd3bc-d8af-47f1-8423-e447d33e1158"
    }
},
{
    "pk": 7,
    "model": "vms.ipaddress",
    "fields": {
        "usage": 1,
        "ip": "10.10.91.17",
        "note": "",
        "vm": null,
        "subnet": "5ecbd3bc-d8af-47f1-8423-e447d33e1158"
    }
},
{
    "pk": 8,
    "model": "vms.ipaddress",
    "fields": {
        "usage": 1,
        "ip": "10.10.91.18",
        "note": "",
        "vm": null,
        "subnet": "5ecbd3bc-d8af-47f1-8423-e447d33e1158"
    }
},
{
    "pk": 9,
    "model": "vms.ipaddress",
    "fields": {
        "usage": 1,
        "ip": "10.10.91.19",
        "note": "",
        "vm": null,
        "subnet": "5ecbd3bc-d8af-47f1-8423-e447d33e1158"
    }
},
{
    "pk": 10,
    "model": "vms.ipaddress",
    "fields": {
        "usage": 1,
        "ip": "10.10.91.20",
        "note": "",
        "vm": null,
        "subnet": "5ecbd3bc-d8af-47f1-8423-e447d33e1158"
    }
},
{
    "pk": 11,
    "model": "vms.ipaddress",
    "fields": {
        "usage": 1,
        "ip": "10.10.91.21",
        "note": "",
        "vm": null,
        "subnet": "5ecbd3bc-d8af-47f1-8423-e447d33e1158"
    }
},
{
    "pk": 12,
    "model": "vms.ipaddress",
    "fields": {
        "usage": 1,
        "ip": "10.10.91.22",
        "note": "",
        "vm": null,
        "subnet": "5ecbd3bc-d8af-47f1-8423-e447d33e1158"
    }
},
{
    "pk": 13,
    "model": "vms.ipaddress",
    "fields": {
        "usage": 1,
        "ip": "10.10.91.23",
        "note": "",
        "vm": null,
        "subnet": "5ecbd3bc-d8af-47f1-8423-e447d33e1158"
    }
},
{
    "pk": 14,
    "model": "vms.ipaddress",
    "fields": {
        "usage": 1,
        "ip": "10.10.91.24",
        "note": "",
        "vm": null,
        "subnet": "5ecbd3bc-d8af-47f1-8423-e447d33e1158"
    }
},
{
    "pk": 15,
    "model": "vms.ipaddress",
    "fields": {
        "usage": 1,
        "ip": "10.10.91.25",
        "note": "",
        "vm": null,
        "subnet": "5ecbd3bc-d8af-47f1-8423-e447d33e1158"
    }
},
{
    "pk": 16,
    "model": "vms.ipaddress",
    "fields": {
        "usage": 1,
        "ip": "10.10.91.26",
        "note": "",
        "vm": null,
        "subnet": "5ecbd3bc-d8af-47f1-8423-e447d33e1158"
    }
},
{
    "pk": 17,
    "model": "vms.ipaddress",
    "fields": {
        "usage": 1,
        "ip": "10.10.91.27",
        "note": "",
        "vm": null,
        "subnet": "5ecbd3bc-d8af-47f1-8423-e447d33e1158"
    }
},
{
    "pk": 18,
    "model": "vms.ipaddress",
    "fields": {
        "usage": 1,
        "ip": "10.10.91.28",
        "note": "",
        "vm": null,
        "subnet": "5ecbd3bc-d8af-47f1-8423-e447d33e1158"
    }
},
{
    "pk": 19,
    "model": "vms.ipaddress",
    "fields": {
        "usage": 1,
        "ip": "10.10.91.29",
        "note": "",
        "vm": null,
        "subnet": "5ecbd3bc-d8af-47f1-8423-e447d33e1158"
    }
},
{
    "pk": 20,
    "model": "vms.ipaddress",
    "fields": {
        "usage": 1,
        "ip": "10.10.91.30",
        "note": "",
        "vm": null,
        "subnet": "5ecbd3bc-d8af-47f1-8423-e447d33e1158"
    }
},
{
    "pk": 21,
    "model": "vms.ipaddress",
    "fields": {
        "usage": 1,
        "ip": "10.10.91.31",
        "note": "",
        "vm": null,
        "subnet": "5ecbd3bc-d8af-47f1-8423-e447d33e1158"
    }
},
{
    "pk": 22,
    "model": "vms.ipaddress",
    "fields": {
        "usage": 1,
        "ip": "10.10.91.32",
        "note": "",
        "vm": null,
        "subnet": "5ecbd3bc-d8af-47f1-8423-e447d33e1158"
    }
},
{
    "pk": 23,
    "model": "vms.ipaddress",
    "fields": {
        "usage": 1,
        "ip": "10.10.91.33",
        "note": "",
        "vm": null,
        "subnet": "5ecbd3bc-d8af-47f1-8423-e447d33e1158"
    }
},
{
    "pk": 24,
    "model": "vms.ipaddress",
    "fields": {
        "usage": 1,
        "ip": "10.10.91.34",
        "note": "",
        "vm": null,
        "subnet": "5ecbd3bc-d8af-47f1-8423-e447d33e1158"
    }
},
{
    "pk": 25,
    "model": "vms.ipaddress",
    "fields": {
        "usage": 1,
        "ip": "10.10.91.35",
        "note": "",
        "vm": null,
        "subnet": "5ecbd3bc-d8af-47f1-8423-e447d33e1158"
    }
},
{
    "pk": 26,
    "model": "vms.ipaddress",
    "fields": {
        "usage": 1,
        "ip": "10.10.91.36",
        "note": "",
        "vm": null,
        "subnet": "5ecbd3bc-d8af-47f1-8423-e447d33e1158"
    }
},
{
    "pk": 27,
    "model": "vms.ipaddress",
    "fields": {
        "usage": 1,
        "ip": "10.10.91.37",
        "note": "",
        "vm": null,
        "subnet": "5ecbd3bc-d8af-47f1-8423-e447d33e1158"
    }
},
{
    "pk": 28,
    "model": "vms.ipaddress",
    "fields": {
        "usage": 1,
        "ip": "10.10.91.38",
        "note": "",
        "vm": null,
        "subnet": "5ecbd3bc-d8af-47f1-8423-e447d33e1158"
    }
},
{
    "pk": 29,
    "model": "vms.ipaddress",
    "fields": {
        "usage": 1,
        "ip": "10.10.91.39",
        "note": "",
        "vm": null,
        "subnet": "5ecbd3bc-d8af-47f1-8423-e447d33e1158"
    }
},
{
    "pk": 30,
    "model": "vms.ipaddress",
    "fields": {
        "usage": 1,
        "ip": "10.10.91.40",
        "note": "",
        "vm": null,
        "subnet": "5ecbd3bc-d8af-47f1-8423-e447d33e1158"
    }
},
{
    "pk": 31,
    "model": "vms.ipaddress",
    "fields": {
        "usage": 1,
        "ip": "10.10.91.41",
        "note": "",
        "vm": null,
        "subnet": "5ecbd3bc-d8af-47f1-8423-e447d33e1158"
    }
},
{
    "pk": 32,
    "model": "vms.ipaddress",
    "fields": {
        "usage": 1,
        "ip": "10.10.91.42",
        "note": "",
        "vm": null,
        "subnet": "5ecbd3bc-d8af-47f1-8423-e447d33e1158"
    }
},
{
    "pk": 33,
    "model": "vms.ipaddress",
    "fields": {
        "usage": 1,
        "ip": "10.10.91.43",
        "note": "",
        "vm": null,
        "subnet": "5ecbd3bc-d8af-47f1-8423-e447d33e1158"
    }
},
{
    "pk": 34,
    "model": "vms.ipaddress",
    "fields": {
        "usage": 1,
        "ip": "10.10.91.44",
        "note": "",
        "vm": null,
        "subnet": "5ecbd3bc-d8af-47f1-8423-e447d33e1158"
    }
},
{
    "pk": 35,
    "model": "vms.ipaddress",
    "fields": {
        "usage": 1,
        "ip": "10.10.91.45",
        "note": "",
        "vm": null,
        "subnet": "5ecbd3bc-d8af-47f1-8423-e447d33e1158"
    }
},
{
    "pk": 36,
    "model": "vms.ipaddress",
    "fields": {
        "usage": 1,
        "ip": "10.10.91.46",
        "note": "",
        "vm": null,
        "subnet": "5ecbd3bc-d8af-47f1-8423-e447d33e1158"
    }
},
{
    "pk": 37,
    "model": "vms.ipaddress",
    "fields": {
        "usage": 1,
        "ip": "10.10.91.47",
        "note": "",
        "vm": null,
        "subnet": "5ecbd3bc-d8af-47f1-8423-e447d33e1158"
    }
},
{
    "pk": 38,
    "model": "vms.ipaddress",
    "fields": {
        "usage": 1,
        "ip": "10.10.91.48",
        "note": "",
        "vm": null,
        "subnet": "5ecbd3bc-d8af-47f1-8423-e447d33e1158"
    }
},
{
    "pk": 39,
    "model": "vms.ipaddress",
    "fields": {
        "usage": 1,
        "ip": "10.10.91.49",
        "note": "",
        "vm": null,
        "subnet": "5ecbd3bc-d8af-47f1-8423-e447d33e1158"
    }
},
{
    "pk": 40,
    "model": "vms.ipaddress",
    "fields": {
        "usage": 1,
        "ip": "10.10.91.50",
        "note": "",
        "vm": null,
        "subnet": "5ecbd3bc-d8af-47f1-8423-e447d33e1158"
    }
},
{
    "pk": 41,
    "model": "vms.ipaddress",
    "fields": {
        "usage": 1,
        "ip": "10.10.91.51",
        "note": "",
        "vm": null,
        "subnet": "5ecbd3bc-d8af-47f1-8423-e447d33e1158"
    }
},
{
    "pk": 42,
    "model": "vms.ipaddress",
    "fields": {
        "usage": 1,
        "ip": "10.10.91.52",
        "note": "",
        "vm": null,
        "subnet": "5ecbd3bc-d8af-47f1-8423-e447d33e1158"
    }
},
{
    "pk": 43,
    "model": "vms.ipaddress",
    "fields": {
        "usage": 1,
        "ip": "10.10.91.53",
        "note": "",
        "vm": null,
        "subnet": "5ecbd3bc-d8af-47f1-8423-e447d33e1158"
    }
},
{
    "pk": 44,
    "model": "vms.ipaddress",
    "fields": {
        "usage": 1,
        "ip": "10.10.91.54",
        "note": "",
        "vm": null,
        "subnet": "5ecbd3bc-d8af-47f1-8423-e447d33e1158"
    }
},
{
    "pk": 45,
    "model": "vms.ipaddress",
    "fields": {
        "usage": 1,
        "ip": "10.10.91.55",
        "note": "",
        "vm": null,
        "subnet": "5ecbd3bc-d8af-47f1-8423-e447d33e1158"
    }
},
{
    "pk": 46,
    "model": "vms.ipaddress",
    "fields": {
        "usage": 1,
        "ip": "10.10.91.56",
        "note": "",
        "vm": null,
        "subnet": "5ecbd3bc-d8af-47f1-8423-e447d33e1158"
    }
},
{
    "pk": 47,
    "model": "vms.ipaddress",
    "fields": {
        "usage": 1,
        "ip": "10.10.91.57",
        "note": "",
        "vm": null,
        "subnet": "5ecbd3bc-d8af-47f1-8423-e447d33e1158"
    }
},
{
    "pk": 48,
    "model": "vms.ipaddress",
    "fields": {
        "usage": 1,
        "ip": "10.10.91.58",
        "note": "",
        "vm": null,
        "subnet": "5ecbd3bc-d8af-47f1-8423-e447d33e1158"
    }
},
{
    "pk": 49,
    "model": "vms.ipaddress",
    "fields": {
        "usage": 1,
        "ip": "10.10.91.59",
        "note": "",
        "vm": null,
        "subnet": "5ecbd3bc-d8af-47f1-8423-e447d33e1158"
    }
},
{
    "pk": 50,
    "model": "vms.ipaddress",
    "fields": {
        "usage": 1,
        "ip": "10.10.91.60",
        "note": "",
        "vm": null,
        "subnet": "5ecbd3bc-d8af-47f1-8423-e447d33e1158"
    }
}
]
